HQ ID,RestaurantName,LocationAddress,PHex,SHex,restaurantWebsiteURL,cnOrderingURL,androidAppLink,iOSAppLink,linksenseLink,mostrecentOrderLink
3079,Gangadin,"12067 Ventura Place, Studio City, CA 91604",#B42162,#F8FFD3,http://gangadinonline.com,https://ordering.chownow.com/order/3079/locations/,https://play.google.com/store/apps/details?id=com.chownow.gangadin,https://itunes.apple.com/us/app/gangadin/id1034958649?mt=8,http://lksn.se/Gangadin,https://ordering.chownow.com/order/3079/locations/4029
3079,Gangadin,"12067 Ventura Place, Studio City, CA 91604",#B42162,#F8FFD3,http://gangadinonline.com,https://ordering.chownow.com/order/3079/locations/,https://play.google.com/store/apps/details?id=com.chownow.gangadin,https://itunes.apple.com/us/app/gangadin/id1034958649?mt=8,http://lksn.se/Gangadin,https://ordering.chownow.com/order/3079/locations/4029
3079,Gangadin,"12067 Ventura Place, Studio City, CA 91604",#B42162,#F8FFD3,http://gangadinonline.com,https://ordering.chownow.com/order/3079/locations/,https://play.google.com/store/apps/details?id=com.chownow.gangadin,https://itunes.apple.com/us/app/gangadin/id1034958649?mt=8,http://lksn.se/Gangadin,https://ordering.chownow.com/order/3079/locations/4029
5503,Gourmet Fit,"6819 3rd Ave, Brooklyn, NY 11220",#81C03A,#F5F5F5,https://www.gourmetfit.net/,https://ordering.chownow.com/order/5503/locations/,https://play.google.com/store/apps/details?id=com.chownow.gourmetfit,https://itunes.apple.com/us/app/gourmet-fit/id1136446450?mt=8,http://lksn.se/gourmetfit,https://ordering.chownow.com/order/5503/locations/7205
5503,Gourmet Fit,"6819 3rd Ave, Brooklyn, NY 11220",#81C03A,#F5F5F5,https://www.gourmetfit.net/,https://ordering.chownow.com/order/5503/locations/,https://play.google.com/store/apps/details?id=com.chownow.gourmetfit,https://itunes.apple.com/us/app/gourmet-fit/id1136446450?mt=8,http://lksn.se/gourmetfit,https://ordering.chownow.com/order/5503/locations/7205
6203,Red Hawk Grille,"7481 Auburn Rd, Painesville, OH 44077",#A33329,#F5F5F5,https://www.redhawkgrille.com/,https://ordering.chownow.com/order/6203/locations/,https://play.google.com/store/apps/details?id=com.chownow.redhawkgrille,https://itunes.apple.com/us/app/red-hawk-grille/id1169208402?mt=8,http://lksn.se/redhawk,https://ordering.chownow.com/order/6203/locations/8177
6203,Red Hawk Grille,"7481 Auburn Rd, Painesville, OH 44077",#A33329,#F5F5F5,https://www.redhawkgrille.com/,https://ordering.chownow.com/order/6203/locations/,https://play.google.com/store/apps/details?id=com.chownow.redhawkgrille,https://itunes.apple.com/us/app/red-hawk-grille/id1169208402?mt=8,http://lksn.se/redhawk,https://ordering.chownow.com/order/6203/locations/8177
6203,Red Hawk Grille,"7481 Auburn Rd, Painesville, OH 44077",#A33329,#F5F5F5,https://www.redhawkgrille.com/,https://ordering.chownow.com/order/6203/locations/,https://play.google.com/store/apps/details?id=com.chownow.redhawkgrille,https://itunes.apple.com/us/app/red-hawk-grille/id1169208402?mt=8,http://lksn.se/redhawk,https://ordering.chownow.com/order/6203/locations/8177
6203,Red Hawk Grille,"7481 Auburn Rd, Painesville, OH 44077",#A33329,#F5F5F5,https://www.redhawkgrille.com/,https://ordering.chownow.com/order/6203/locations/,https://play.google.com/store/apps/details?id=com.chownow.redhawkgrille,https://itunes.apple.com/us/app/red-hawk-grille/id1169208402?mt=8,http://lksn.se/redhawk,https://ordering.chownow.com/order/6203/locations/8177
6203,Red Hawk Grille,"7481 Auburn Rd, Painesville, OH 44077",#A33329,#F5F5F5,https://www.redhawkgrille.com/,https://ordering.chownow.com/order/6203/locations/,https://play.google.com/store/apps/details?id=com.chownow.redhawkgrille,https://itunes.apple.com/us/app/red-hawk-grille/id1169208402?mt=8,http://lksn.se/redhawk,https://ordering.chownow.com/order/6203/locations/8177
6203,Red Hawk Grille,"7481 Auburn Rd, Painesville, OH 44077",#A33329,#F5F5F5,https://www.redhawkgrille.com/,https://ordering.chownow.com/order/6203/locations/,https://play.google.com/store/apps/details?id=com.chownow.redhawkgrille,https://itunes.apple.com/us/app/red-hawk-grille/id1169208402?mt=8,http://lksn.se/redhawk,https://ordering.chownow.com/order/6203/locations/8177
6203,Red Hawk Grille,"7481 Auburn Rd, Painesville, OH 44077",#A33329,#F5F5F5,https://www.redhawkgrille.com/,https://ordering.chownow.com/order/6203/locations/,https://play.google.com/store/apps/details?id=com.chownow.redhawkgrille,https://itunes.apple.com/us/app/red-hawk-grille/id1169208402?mt=8,http://lksn.se/redhawk,https://ordering.chownow.com/order/6203/locations/8177
6203,Red Hawk Grille,"7481 Auburn Rd, Painesville, OH 44077",#A33329,#F5F5F5,https://www.redhawkgrille.com/,https://ordering.chownow.com/order/6203/locations/,https://play.google.com/store/apps/details?id=com.chownow.redhawkgrille,https://itunes.apple.com/us/app/red-hawk-grille/id1169208402?mt=8,http://lksn.se/redhawk,https://ordering.chownow.com/order/6203/locations/8177
6203,Red Hawk Grille,"7481 Auburn Rd, Painesville, OH 44077",#A33329,#F5F5F5,https://www.redhawkgrille.com/,https://ordering.chownow.com/order/6203/locations/,https://play.google.com/store/apps/details?id=com.chownow.redhawkgrille,https://itunes.apple.com/us/app/red-hawk-grille/id1169208402?mt=8,http://lksn.se/redhawk,https://ordering.chownow.com/order/6203/locations/8177
6203,Red Hawk Grille,"7481 Auburn Rd, Painesville, OH 44077",#A33329,#F5F5F5,https://www.redhawkgrille.com/,https://ordering.chownow.com/order/6203/locations/,https://play.google.com/store/apps/details?id=com.chownow.redhawkgrille,https://itunes.apple.com/us/app/red-hawk-grille/id1169208402?mt=8,http://lksn.se/redhawk,https://ordering.chownow.com/order/6203/locations/8177
6203,Red Hawk Grille,"7481 Auburn Rd, Painesville, OH 44077",#A33329,#F5F5F5,https://www.redhawkgrille.com/,https://ordering.chownow.com/order/6203/locations/,https://play.google.com/store/apps/details?id=com.chownow.redhawkgrille,https://itunes.apple.com/us/app/red-hawk-grille/id1169208402?mt=8,http://lksn.se/redhawk,https://ordering.chownow.com/order/6203/locations/8177
6203,Red Hawk Grille,"7481 Auburn Rd, Painesville, OH 44077",#A33329,#F5F5F5,https://www.redhawkgrille.com/,https://ordering.chownow.com/order/6203/locations/,https://play.google.com/store/apps/details?id=com.chownow.redhawkgrille,https://itunes.apple.com/us/app/red-hawk-grille/id1169208402?mt=8,http://lksn.se/redhawk,https://ordering.chownow.com/order/6203/locations/8177
6203,Red Hawk Grille,"7481 Auburn Rd, Painesville, OH 44077",#A33329,#F5F5F5,https://www.redhawkgrille.com/,https://ordering.chownow.com/order/6203/locations/,https://play.google.com/store/apps/details?id=com.chownow.redhawkgrille,https://itunes.apple.com/us/app/red-hawk-grille/id1169208402?mt=8,http://lksn.se/redhawk,https://ordering.chownow.com/order/6203/locations/8177
6203,Red Hawk Grille,"7481 Auburn Rd, Painesville, OH 44077",#A33329,#F5F5F5,https://www.redhawkgrille.com/,https://ordering.chownow.com/order/6203/locations/,https://play.google.com/store/apps/details?id=com.chownow.redhawkgrille,https://itunes.apple.com/us/app/red-hawk-grille/id1169208402?mt=8,http://lksn.se/redhawk,https://ordering.chownow.com/order/6203/locations/8177
6203,Red Hawk Grille,"7481 Auburn Rd, Painesville, OH 44077",#A33329,#F5F5F5,https://www.redhawkgrille.com/,https://ordering.chownow.com/order/6203/locations/,https://play.google.com/store/apps/details?id=com.chownow.redhawkgrille,https://itunes.apple.com/us/app/red-hawk-grille/id1169208402?mt=8,http://lksn.se/redhawk,https://ordering.chownow.com/order/6203/locations/8177
6203,Red Hawk Grille,"7481 Auburn Rd, Painesville, OH 44077",#A33329,#F5F5F5,https://www.redhawkgrille.com/,https://ordering.chownow.com/order/6203/locations/,https://play.google.com/store/apps/details?id=com.chownow.redhawkgrille,https://itunes.apple.com/us/app/red-hawk-grille/id1169208402?mt=8,http://lksn.se/redhawk,https://ordering.chownow.com/order/6203/locations/8177
6203,Red Hawk Grille,"7481 Auburn Rd, Painesville, OH 44077",#A33329,#F5F5F5,https://www.redhawkgrille.com/,https://ordering.chownow.com/order/6203/locations/,https://play.google.com/store/apps/details?id=com.chownow.redhawkgrille,https://itunes.apple.com/us/app/red-hawk-grille/id1169208402?mt=8,http://lksn.se/redhawk,https://ordering.chownow.com/order/6203/locations/8177
6203,Red Hawk Grille,"7481 Auburn Rd, Painesville, OH 44077",#A33329,#F5F5F5,https://www.redhawkgrille.com/,https://ordering.chownow.com/order/6203/locations/,https://play.google.com/store/apps/details?id=com.chownow.redhawkgrille,https://itunes.apple.com/us/app/red-hawk-grille/id1169208402?mt=8,http://lksn.se/redhawk,https://ordering.chownow.com/order/6203/locations/8177
6203,Red Hawk Grille,"7481 Auburn Rd, Painesville, OH 44077",#A33329,#F5F5F5,https://www.redhawkgrille.com/,https://ordering.chownow.com/order/6203/locations/,https://play.google.com/store/apps/details?id=com.chownow.redhawkgrille,https://itunes.apple.com/us/app/red-hawk-grille/id1169208402?mt=8,http://lksn.se/redhawk,https://ordering.chownow.com/order/6203/locations/8177
6203,Red Hawk Grille,"7481 Auburn Rd, Painesville, OH 44077",#A33329,#F5F5F5,https://www.redhawkgrille.com/,https://ordering.chownow.com/order/6203/locations/,https://play.google.com/store/apps/details?id=com.chownow.redhawkgrille,https://itunes.apple.com/us/app/red-hawk-grille/id1169208402?mt=8,http://lksn.se/redhawk,https://ordering.chownow.com/order/6203/locations/8177
6203,Red Hawk Grille,"7481 Auburn Rd, Painesville, OH 44077",#A33329,#F5F5F5,https://www.redhawkgrille.com/,https://ordering.chownow.com/order/6203/locations/,https://play.google.com/store/apps/details?id=com.chownow.redhawkgrille,https://itunes.apple.com/us/app/red-hawk-grille/id1169208402?mt=8,http://lksn.se/redhawk,https://ordering.chownow.com/order/6203/locations/8177
6203,Red Hawk Grille,"7481 Auburn Rd, Painesville, OH 44077",#A33329,#F5F5F5,https://www.redhawkgrille.com/,https://ordering.chownow.com/order/6203/locations/,https://play.google.com/store/apps/details?id=com.chownow.redhawkgrille,https://itunes.apple.com/us/app/red-hawk-grille/id1169208402?mt=8,http://lksn.se/redhawk,https://ordering.chownow.com/order/6203/locations/8177
6203,Red Hawk Grille,"7481 Auburn Rd, Painesville, OH 44077",#A33329,#F5F5F5,https://www.redhawkgrille.com/,https://ordering.chownow.com/order/6203/locations/,https://play.google.com/store/apps/details?id=com.chownow.redhawkgrille,https://itunes.apple.com/us/app/red-hawk-grille/id1169208402?mt=8,http://lksn.se/redhawk,https://ordering.chownow.com/order/6203/locations/8177
6203,Red Hawk Grille,"7481 Auburn Rd, Painesville, OH 44077",#A33329,#F5F5F5,https://www.redhawkgrille.com/,https://ordering.chownow.com/order/6203/locations/,https://play.google.com/store/apps/details?id=com.chownow.redhawkgrille,https://itunes.apple.com/us/app/red-hawk-grille/id1169208402?mt=8,http://lksn.se/redhawk,https://ordering.chownow.com/order/6203/locations/8177
6203,Red Hawk Grille,"7481 Auburn Rd, Painesville, OH 44077",#A33329,#F5F5F5,https://www.redhawkgrille.com/,https://ordering.chownow.com/order/6203/locations/,https://play.google.com/store/apps/details?id=com.chownow.redhawkgrille,https://itunes.apple.com/us/app/red-hawk-grille/id1169208402?mt=8,http://lksn.se/redhawk,https://ordering.chownow.com/order/6203/locations/8177
6203,Red Hawk Grille,"7481 Auburn Rd, Painesville, OH 44077",#A33329,#F5F5F5,https://www.redhawkgrille.com/,https://ordering.chownow.com/order/6203/locations/,https://play.google.com/store/apps/details?id=com.chownow.redhawkgrille,https://itunes.apple.com/us/app/red-hawk-grille/id1169208402?mt=8,http://lksn.se/redhawk,https://ordering.chownow.com/order/6203/locations/8177
6203,Red Hawk Grille,"7481 Auburn Rd, Painesville, OH 44077",#A33329,#F5F5F5,https://www.redhawkgrille.com/,https://ordering.chownow.com/order/6203/locations/,https://play.google.com/store/apps/details?id=com.chownow.redhawkgrille,https://itunes.apple.com/us/app/red-hawk-grille/id1169208402?mt=8,http://lksn.se/redhawk,https://ordering.chownow.com/order/6203/locations/8177
6580,Mayura Indian Restaurant,"10406 Venice Boulevard, Culver City, CA 90232",#8A0000,#F5F5F5,http://www.mayura-indian-restaurant.com/,https://ordering.chownow.com/order/6580/locations/,https://play.google.com/store/apps/details?id=com.chownow.mayuraindianrestaurant,https://itunes.apple.com/us/app/mayura-indian-restaurant/id1177654361?mt=8,http://lksn.se/Mayura,https://ordering.chownow.com/order/6580/locations/8706
8042,Irving St. Kitchen,"701 Northwest 13th Avenue, Portland, OR 97209",#333333,#000000,http://www.irvingstreetkitchen.com/,https://ordering.chownow.com/order/8042/locations/,https://play.google.com/store/apps/details?id=com.chownow.irvingstreetchicken,https://itunes.apple.com/us/app/irving-street-chicken/id1228932222?mt=8,http://lksn.se/ISC,https://ordering.chownow.com/order/8042/locations/10803
8689,Holly Crab,"1098 Commonwealth Ave, Boston, MA 02215",#EB1C24,#F5F5F5,http://hollycrab.com/,https://ordering.chownow.com/order/8689/locations/,https://play.google.com/store/apps/details?id=com.chownow.holycrab,https://itunes.apple.com/us/app/holy-crab/id1256024720?mt=8,http://lksn.se/holycrab,https://ordering.chownow.com/order/8689/locations/11750
8689,Holly Crab,"1098 Commonwealth Ave, Boston, MA 02215",#EB1C24,#F5F5F5,http://hollycrab.com/,https://ordering.chownow.com/order/8689/locations/,https://play.google.com/store/apps/details?id=com.chownow.holycrab,https://itunes.apple.com/us/app/holy-crab/id1256024720?mt=8,http://lksn.se/holycrab,https://ordering.chownow.com/order/8689/locations/11750
8689,Holly Crab,"1098 Commonwealth Ave, Boston, MA 02215",#EB1C24,#F5F5F5,http://hollycrab.com/,https://ordering.chownow.com/order/8689/locations/,https://play.google.com/store/apps/details?id=com.chownow.holycrab,https://itunes.apple.com/us/app/holy-crab/id1256024720?mt=8,http://lksn.se/holycrab,https://ordering.chownow.com/order/8689/locations/11750
8864,Club Diner,"20 N Black Horse Pike, Bellmawr, NJ 08031",#791615,#f5f5f5,http://www.theclubdiner.com/,https://ordering.chownow.com/order/8864/locations/,https://play.google.com/store/apps/details?id=com.chownow.clubdiner,https://itunes.apple.com/us/app/club-diner/id1282159723?mt=8,http://lksn.se/clubdiner,https://ordering.chownow.com/order/8864/locations/12013
8864,Club Diner,"20 N Black Horse Pike, Bellmawr, NJ 08031",#791615,#f5f5f5,http://www.theclubdiner.com/,https://ordering.chownow.com/order/8864/locations/,https://play.google.com/store/apps/details?id=com.chownow.clubdiner,https://itunes.apple.com/us/app/club-diner/id1282159723?mt=8,http://lksn.se/clubdiner,https://ordering.chownow.com/order/8864/locations/12013
8864,Club Diner,"20 N Black Horse Pike, Bellmawr, NJ 08031",#791615,#f5f5f5,http://www.theclubdiner.com/,https://ordering.chownow.com/order/8864/locations/,https://play.google.com/store/apps/details?id=com.chownow.clubdiner,https://itunes.apple.com/us/app/club-diner/id1282159723?mt=8,http://lksn.se/clubdiner,https://ordering.chownow.com/order/8864/locations/12013
8864,Club Diner,"20 N Black Horse Pike, Bellmawr, NJ 08031",#791615,#f5f5f5,http://www.theclubdiner.com/,https://ordering.chownow.com/order/8864/locations/,https://play.google.com/store/apps/details?id=com.chownow.clubdiner,https://itunes.apple.com/us/app/club-diner/id1282159723?mt=8,http://lksn.se/clubdiner,https://ordering.chownow.com/order/8864/locations/12013
8864,Club Diner,"20 N Black Horse Pike, Bellmawr, NJ 08031",#791615,#f5f5f5,http://www.theclubdiner.com/,https://ordering.chownow.com/order/8864/locations/,https://play.google.com/store/apps/details?id=com.chownow.clubdiner,https://itunes.apple.com/us/app/club-diner/id1282159723?mt=8,http://lksn.se/clubdiner,https://ordering.chownow.com/order/8864/locations/12013
8864,Club Diner,"20 N Black Horse Pike, Bellmawr, NJ 08031",#791615,#f5f5f5,http://www.theclubdiner.com/,https://ordering.chownow.com/order/8864/locations/,https://play.google.com/store/apps/details?id=com.chownow.clubdiner,https://itunes.apple.com/us/app/club-diner/id1282159723?mt=8,http://lksn.se/clubdiner,https://ordering.chownow.com/order/8864/locations/12013